<?xml version="1.0" encoding="UTF-8"?>
<!DOCTYPE hibernate-mapping PUBLIC 
    "-//Hibernate/Hibernate Mapping DTD 3.0//EN"
    "http://www.hibernate.org/dtd/hibernate-mapping-3.0.dtd">

<hibernate-mapping>
    <class name="hibernate.onetoone.Address">
<!--        <id name="id" column="std_id" type="int">
            <generator class="foreign">
                <param name="property">student</param>
            </generator>
        </id>-->
        
        
        <id name="id" column="id" type="int">
            <generator class="native"></generator>
        </id>
        
        
        <property name="doorNo" type="string" not-null="true"></property>
        <property name="street" type="string" not-null="true"></property>
        <property name="city" type="string" not-null="true"></property>
        <property name="state" type="string" not-null="true"></property>
        <property name="country" type="string" not-null="true"></property>
        <property name="pincode" type="string" not-null="true"></property>
<!--        <one-to-one name="student" class="hibernate.onetoone.Student"></one-to-one>-->
        <many-to-one name="student" class="hibernate.onetoone.Student" column="std_id" unique="true"></many-to-one>
    </class>
</hibernate-mapping>