<?xml version="1.0" encoding="UTF-8"?>
<!DOCTYPE hibernate-mapping PUBLIC 
    "-//Hibernate/Hibernate Mapping DTD 3.0//EN"
    "http://www.hibernate.org/dtd/hibernate-mapping-3.0.dtd">
    
    
<hibernate-mapping>
    <class name="hibernate.onetoone.Course">
        <id name="id" column="id" type="int">
            <generator class="native"></generator>
        </id>
        <property name="name" type="string" not-null="true" unique="true"></property>
        <property name="fee" type="float" not-null="true"></property>
        <property name="duration" type="float" not-null="true"></property>
        <set name="students">
            <key column="course_id"></key>
            <many-to-many class="hibernate.onetoone.Student" column="std_id"></many-to-many>
        </set>
    </class>
</hibernate-mapping>