<?xml version="1.0" encoding="UTF-8"?>
<!DOCTYPE hibernate-mapping PUBLIC 
    "-//Hibernate/Hibernate Mapping DTD 3.0//EN"
    "http://www.hibernate.org/dtd/hibernate-mapping-3.0.dtd">

<hibernate-mapping>
    <class name="hibernate.onetoone.EducationDetails">
        <id name="id" column="id" type="int">
            <generator class="native"></generator>
        </id>
        <property name="courseName" type="string" not-null="true"></property>
        <property name="percentage" type="float" not-null="true"></property>
        <property name="passedOutYear" type="int" not-null="true"></property>
        <many-to-one name="student" class="hibernate.onetoone.Student" column="std_id" ></many-to-one>
    </class>
</hibernate-mapping>
