<?xml version="1.0" encoding="UTF-8"?>

<hibernate-configuration>
    <session-factory>
        <property name="hibernate.connection.diver_class">com.mysql.cj.jdbc.Driver</property>
        <property name="hibernate.connection.url">jdbc:mysql://localhost:3306/hibernatedemo</property>
        <property name="hibernate.connection.username">root</property>
        <property name="hibernate.connection.password">root</property>
        
        <!-- hibernate -properties -->
        
        <!-- dialect -->
        <property name="hibernate.dialect">org.hibernate.dialect.MySQL57InnoDBDialect</property>
        <property name="hibernate.hbm2ddl.auto">create</property>
        <property name="hibernate.show_sql">true</property>
        
        
        <mapping resource="Student.hbm.xml"  />
        <mapping resource="Address.hbm.xml"/>
        <mapping resource="EducationDetails.hbm.xml"/>
        <mapping resource="Course.hbm.xml"></mapping>
        
    </session-factory>
</hibernate-configuration>
