<?xml version="1.0" encoding="UTF-8"?>
<!DOCTYPE hibernate-mapping PUBLIC 
    "-//Hibernate/Hibernate Mapping DTD 3.0//EN"
    "http://www.hibernate.org/dtd/hibernate-mapping-3.0.dtd">
    
    
<hibernate-mapping>
    <class name="hibernate.inheritance.Product">
        <id name="id" column="id" type="int">
            <generator class="native"></generator>
        </id>
        
        <discriminator column="product_type" type="string"></discriminator>
        <property name="name" type="string" not-null="true"></property>
        <property name="price" type="float" not-null="true"></property>
        
        
        <subclass name="hibernate.inheritance.Electronics" discriminator-value="electronics">
            <property name="ramSize" type="float"></property>
            <property name="internalMemorySize" type="float"></property>
        </subclass>
        <subclass name="hibernate.inheritance.Furniture" discriminator-value="furniture">
            <property name="type" type="string"></property>
            <property name="quality" type="integer"></property>
        </subclass>
    </class>
</hibernate-mapping>