<?xml version="1.0" encoding="UTF-8"?>
<project-private xmlns="http://www.netbeans.org/ns/project-private/1">
    <editor-bookmarks xmlns="http://www.netbeans.org/ns/editor-bookmarks/2" lastBookmarkId="0"/>
    <open-files xmlns="http://www.netbeans.org/ns/projectui-open-files/2">
        <group>
            <file>file:/C:/Users/Administrator/Documents/NetBeansProjects/hibernate-inheritance-annotation-tablepersubclass/src/hibernate/inheritance/annotation/tablepersubclass/Product.java</file>
            <file>file:/C:/Users/Administrator/Documents/NetBeansProjects/hibernate-inheritance-annotation-tablepersubclass/src/hibernate/inheritance/annotation/tablepersubclass/HibernateInheritanceAnnotationTablepersubclass.java</file>
            <file>file:/C:/Users/Administrator/Documents/NetBeansProjects/hibernate-inheritance-annotation-tablepersubclass/src/hibernate/inheritance/annotation/tablepersubclass/Electronics.java</file>
            <file>file:/C:/Users/Administrator/Documents/NetBeansProjects/hibernate-inheritance-annotation-tablepersubclass/src/hibernate/inheritance/annotation/tablepersubclass/Furniture.java</file>
        </group>
    </open-files>
</project-private>
