<?xml version="1.0" encoding="UTF-8"?>
<!DOCTYPE hibernate-mapping PUBLIC 
    "-//Hibernate/Hibernate Mapping DTD 3.0//EN"
    "http://www.hibernate.org/dtd/hibernate-mapping-3.0.dtd">
    
<hibernate-mapping>
    <class name="hibernate.inheritance.tableperconcreateclass.Product">
        <id name="id" type="int">
            <generator class="increment"></generator>
        </id>
        <property name="name" type="string" not-null="true"></property>
        <property name="price" type="float" not-null="true"></property>
        <union-subclass name="hibernate.inheritance.tableperconcreateclass.Electronics">
            <property name="ramSize" type="float" not-null="true"></property>
            <property name="internalMemorySize" type="float" not-null="true"></property>
        </union-subclass>
        <union-subclass name="hibernate.inheritance.tableperconcreateclass.Furniture">
            <property name="type" type="string" not-null="true"></property>
            <property name="quality" type="int" not-null="true"></property>
        </union-subclass>
    </class>
</hibernate-mapping>
    