<?xml version="1.0" encoding="UTF-8"?>
<!DOCTYPE hibernate-mapping PUBLIC 
    "-//Hibernate/Hibernate Mapping DTD 3.0//EN"
    "http://www.hibernate.org/dtd/hibernate-mapping-3.0.dtd">
    
<hibernate-mapping>
    <class name="hibernate.onetoone.Student">
        <id name="id" column="id" type="int">
            <generator class="native"></generator>
        </id>
        <property name="name" type="string" not-null="true"></property>
        <property name="email" type="string" not-null="true" unique="true"></property>
        <property name="dateOfBirth" type="date" not-null="true"></property>
        <one-to-one name="address" class="hibernate.onetoone.Address"></one-to-one>
        
        <list name="educationDetails">
            <key column="std_id"></key>
            <index column="id"></index>
            <one-to-many class="hibernate.onetoone.EducationDetails"></one-to-many>
        </list>
        
        
    </class>
</hibernate-mapping>