<?xml version="1.0" encoding="UTF-8"?>
<project-private xmlns="http://www.netbeans.org/ns/project-private/1">
    <editor-bookmarks xmlns="http://www.netbeans.org/ns/editor-bookmarks/2" lastBookmarkId="0"/>
    <open-files xmlns="http://www.netbeans.org/ns/projectui-open-files/2">
        <group>
            <file>file:/C:/Users/Administrator/Documents/NetBeansProjects/hibernate-onetoone/src/Student.hbm.xml</file>
            <file>file:/C:/Users/Administrator/Documents/NetBeansProjects/hibernate-onetoone/src/EducationDetails.hbm.xml</file>
            <file>file:/C:/Users/Administrator/Documents/NetBeansProjects/hibernate-onetoone/src/hibernate/onetoone/EducationDetails.java</file>
            <file>file:/C:/Users/Administrator/Documents/NetBeansProjects/hibernate-onetoone/src/hibernate/onetoone/Student.java</file>
            <file>file:/C:/Users/Administrator/Documents/NetBeansProjects/hibernate-onetoone/src/hibernate/onetoone/HibernateOnetoone.java</file>
            <file>file:/C:/Users/Administrator/Documents/NetBeansProjects/hibernate-onetoone/src/hibernate/onetoone/HibernateManyToOneOrOneToMany.java</file>
            <file>file:/C:/Users/Administrator/Documents/NetBeansProjects/hibernate-onetoone/src/hibernate.cfg.xml</file>
        </group>
    </open-files>
</project-private>
