<?xml version='1.0' encoding='UTF-8'?>
<faces-config version="2.2"
              xmlns="http://xmlns.jcp.org/xml/ns/javaee"
              xmlns:xsi="http://www.w3.org/2001/XMLSchema-instance"
              xsi:schemaLocation="http://xmlns.jcp.org/xml/ns/javaee http://xmlns.jcp.org/xml/ns/javaee/web-facesconfig_2_2.xsd">

     
    <managed-bean>
        <managed-bean-name>wb</managed-bean-name>
        <managed-bean-class>com.harsha.MyBean</managed-bean-class>
        <managed-bean-scope>request</managed-bean-scope>
    </managed-bean>
    
    <managed-bean>
        <managed-bean-name>eob</managed-bean-name>
        <managed-bean-class>com.harsha.EvenOddBean</managed-bean-class>
        <managed-bean-scope>session</managed-bean-scope>
    </managed-bean>

    <navigation-rule>
        <from-view-id>login.xhtml</from-view-id>
        
        <navigation-case>
            <from-action>#{wb.checkLogin}</from-action>
            <from-outcome>success</from-outcome>
            <to-view-id>welcome.xhtml</to-view-id>
            
        </navigation-case>
        
        <navigation-case>
            <from-action>#{wb.checkLogin}</from-action>
            <from-outcome>failure</from-outcome>
            <to-view-id>error.xhtml</to-view-id>
            
        </navigation-case>
        
    </navigation-rule>
    
    
   
    <navigation-rule>
         <from-view-id>input.xhtml</from-view-id>
         
        <navigation-case>
            <from-action>#{eob.finEvenOdd}</from-action>
            <from-outcome>E</from-outcome>
            <to-view-id>even.xhtml</to-view-id>
            
        </navigation-case>
        
        <navigation-case>
            <from-action>#{eob.finEvenOdd}</from-action>
            <from-outcome>O</from-outcome>
            <to-view-id>odd.xhtml</to-view-id>
            
        </navigation-case>
    </navigation-rule>
    
</faces-config>
