<?xml version="1.0" encoding="UTF-8"?>
<!DOCTYPE hibernate-mapping PUBLIC 
    "-//Hibernate/Hibernate Mapping DTD 3.0//EN"
    "http://www.hibernate.org/dtd/hibernate-mapping-3.0.dtd">
    
<hibernate-mapping>
    <class name="hibernate.inheritance.tablepersubclass.Product">
        <id name="id" type="int">
            <generator class="native"></generator>
        </id>
        <property name="name" type="string" not-null="true"></property>
        <property name="price" type="float" not-null="true"></property>
        <joined-subclass name="hibernate.inheritance.tablepersubclass.Electronics">
            <key column="id"></key>
            <property name="ramSize" type="float" not-null="true"></property>
            <property name="internalMemorySize" type="float" not-null="true"></property>
        </joined-subclass>
        
        <joined-subclass name="hibernate.inheritance.tablepersubclass.Furniture">
            <key column="id"></key>
            <property name="type" type="string" not-null="true"></property>
            <property name="quality" type="int" not-null="true"></property>
        </joined-subclass>
    </class>

</hibernate-mapping>