<?xml version="1.0" encoding="UTF-8"?>

<!-- First step - adding DTD -->
<!-- Document Type - for parsing purpose -->

<!DOCTYPE hibernate-configuration PUBLIC
	"-//Hibernate/Hibernate Configuration DTD 3.0//EN"
	"http://www.hibernate.org/dtd/hibernate-configuration-3.0.dtd">

<hibernate-configuration>
    <session-factory>
        <property name="hibernate.connection.diver_class">com.mysql.cj.jdbc.Driver</property>
        <property name="hibernate.connection.url">jdbc:mysql://localhost:3306/hibernatedemo</property>
        <property name="hibernate.connection.username">root</property>
        <property name="hibernate.connection.password">root</property>
        
        <!-- hibernate -properties -->
        
        <!-- dialect -->
        <property name="hibernate.dialect">org.hibernate.dialect.MySQL57InnoDBDialect</property>
        <property name="hibernate.hbm2ddl.auto">create</property>
        <property name="hibernate.show_sql">true</property>
        
        
        <mapping  resource="Student.hbm.xml"  />
        
        
    </session-factory>
</hibernate-configuration>