<?xml version="1.0" encoding="UTF-8"?>

<!DOCTYPE hibernate-mapping PUBLIC 
    "-//Hibernate/Hibernate Mapping DTD 3.0//EN"
    "http://www.hibernate.org/dtd/hibernate-mapping-3.0.dtd">
    
<hibernate-mapping>
    <class name="hibernate.demo.Student" table="Student">
        <id name="id" type="int">
            <column name="id"></column>
            <generator class="native"></generator>
        </id>
        <property name="name" type="string" not-null="true"/>
        <property name="email" type="string" not-null="true" unique="true"/>
        <property name="dateOfBirth" type="date" not-null="true"></property>
    </class>
</hibernate-mapping>