<?xml version="1.0" encoding="UTF-8"?>
<beans xmlns="http://www.springframework.org/schema/beans"
       xmlns:xsi="http://www.w3.org/2001/XMLSchema-instance"
       xsi:schemaLocation="http://www.springframework.org/schema/beans
        http://www.springframework.org/schema/beans/spring-beans.xsd">
    
    <!-- PasswordGenerator Type -->
    <bean id="passwordGenerator" class="registration.example.to.exaplain.loose.coupling.AlphabetPasswordGenerator"></bean>
        <!-- Emailer -->
    <bean id="htmlEmailer" class="registration.example.to.exaplain.loose.coupling.HTMLEmailer"></bean>
    <bean id="attachmentEmailer" class="registration.example.to.exaplain.loose.coupling.HTMLAttachmentEmailer"></bean>
    <bean id="registration" class="registration.example.to.exaplain.loose.coupling.Registration" autowire="byName"></bean>
</beans>
